id,date,poong
wnnw,2024-02-01,43103
jyurim99,2024-02-01,32899
tlswlgus95,2024-02-01,3291
indy1028,2024-02-01,1947
goodb99,2024-02-01,891
dkjfke,2024-02-01,9811
jieujieun11,2024-02-01,954
dani67,2024-02-01,10
ooo9330,2024-02-01,139
tpqhrdl,2024-02-01,1884
thwl9386,2024-02-01,17001
ekdus0830,2024-02-01,0
skygkrtn,2024-02-01,13309
vlfvlf789,2024-02-01,27387
sunwo2534,2024-02-01,2221
dockyong,2024-02-01,0
1000song2,2024-02-01,2259
p0r0r0,2024-02-01,7658
kunbams,2024-02-01,2632
damikim,2024-02-01,0
jha0331,2024-02-01,0
wendysul,2024-02-01,0
yunhee1222,2024-02-01,10731
rrrr4719,2024-02-01,0
2boo2boo,2024-02-01,6004
domangcha13,2024-02-01,10725
taeri0806,2024-02-01,5156
lapq8306,2024-02-01,11629
churros05,2024-02-01,5870
wnnw,2024-02-02,0
jyurim99,2024-02-02,2929
tlswlgus95,2024-02-02,0
indy1028,2024-02-02,2045
goodb99,2024-02-02,14442
dkjfke,2024-02-02,2678
jieujieun11,2024-02-02,7272
dani67,2024-02-02,6289
ooo9330,2024-02-02,12499
tpqhrdl,2024-02-02,6992
thwl9386,2024-02-02,2802
ekdus0830,2024-02-02,0
skygkrtn,2024-02-02,8628
vlfvlf789,2024-02-02,15394
sunwo2534,2024-02-02,10000
dockyong,2024-02-02,0
1000song2,2024-02-02,532
p0r0r0,2024-02-02,8720
kunbams,2024-02-02,0
damikim,2024-02-02,5437
jha0331,2024-02-02,41050
wendysul,2024-02-02,12709
yunhee1222,2024-02-02,31510
rrrr4719,2024-02-02,82030
2boo2boo,2024-02-02,20099
domangcha13,2024-02-02,24000
taeri0806,2024-02-02,40
lapq8306,2024-02-02,10971
churros05,2024-02-02,7428
wnnw,2024-02-03,3026115
jyurim99,2024-02-03,11962
tlswlgus95,2024-02-03,0
indy1028,2024-02-03,0
goodb99,2024-02-03,0
dkjfke,2024-02-03,0
jieujieun11,2024-02-03,234
dani67,2024-02-03,0
ooo9330,2024-02-03,0
tpqhrdl,2024-02-03,0
thwl9386,2024-02-03,2369
ekdus0830,2024-02-03,0
skygkrtn,2024-02-03,0
vlfvlf789,2024-02-03,0
sunwo2534,2024-02-03,0
dockyong,2024-02-03,0
1000song2,2024-02-03,4316
p0r0r0,2024-02-03,3292
kunbams,2024-02-03,2294
damikim,2024-02-03,4470
jha0331,2024-02-03,6420
wendysul,2024-02-03,606
yunhee1222,2024-02-03,30949
rrrr4719,2024-02-03,12557
2boo2boo,2024-02-03,0
domangcha13,2024-02-03,0
taeri0806,2024-02-03,10
lapq8306,2024-02-03,6370
churros05,2024-02-03,1324
wnnw,2024-02-04,0
jyurim99,2024-02-04,20717
tlswlgus95,2024-02-04,0
indy1028,2024-02-04,9986
goodb99,2024-02-04,47690
dkjfke,2024-02-04,0
jieujieun11,2024-02-04,0
dani67,2024-02-04,5134
ooo9330,2024-02-04,24927
tpqhrdl,2024-02-04,0
thwl9386,2024-02-04,10163
ekdus0830,2024-02-04,0
skygkrtn,2024-02-04,0
vlfvlf789,2024-02-04,68514
sunwo2534,2024-02-04,6264
dockyong,2024-02-04,0
1000song2,2024-02-04,0
p0r0r0,2024-02-04,0
kunbams,2024-02-04,10001
damikim,2024-02-04,0
jha0331,2024-02-04,0
wendysul,2024-02-04,7883
yunhee1222,2024-02-04,0
rrrr4719,2024-02-04,3897
2boo2boo,2024-02-04,20646
domangcha13,2024-02-04,0
taeri0806,2024-02-04,1836
lapq8306,2024-02-04,10124
churros05,2024-02-04,2918
wnnw,2024-02-05,35191
jyurim99,2024-02-05,0
tlswlgus95,2024-02-05,0
indy1028,2024-02-05,6642
goodb99,2024-02-05,11128
dkjfke,2024-02-05,41429
jieujieun11,2024-02-05,22112
dani67,2024-02-05,0
ooo9330,2024-02-05,9435
tpqhrdl,2024-02-05,36165
thwl9386,2024-02-05,8049
ekdus0830,2024-02-05,0
skygkrtn,2024-02-05,35340
vlfvlf789,2024-02-05,27636
sunwo2534,2024-02-05,2926
dockyong,2024-02-05,0
1000song2,2024-02-05,8327
p0r0r0,2024-02-05,0
kunbams,2024-02-05,6000
damikim,2024-02-05,15782
jha0331,2024-02-05,11648
wendysul,2024-02-05,30596
yunhee1222,2024-02-05,30881
rrrr4719,2024-02-05,7359
2boo2boo,2024-02-05,0
domangcha13,2024-02-05,18989
taeri0806,2024-02-05,53
lapq8306,2024-02-05,0
churros05,2024-02-05,7312
wnnw,2024-02-06,21788
jyurim99,2024-02-06,2573
tlswlgus95,2024-02-06,9488
indy1028,2024-02-06,13146
goodb99,2024-02-06,4932
dkjfke,2024-02-06,2397
jieujieun11,2024-02-06,2435
dani67,2024-02-06,4800
ooo9330,2024-02-06,15669
tpqhrdl,2024-02-06,8222
thwl9386,2024-02-06,6139
ekdus0830,2024-02-06,0
skygkrtn,2024-02-06,14092
vlfvlf789,2024-02-06,4767
sunwo2534,2024-02-06,2379
dockyong,2024-02-06,0
1000song2,2024-02-06,10079
p0r0r0,2024-02-06,13095
kunbams,2024-02-06,958
damikim,2024-02-06,9754
jha0331,2024-02-06,18292
wendysul,2024-02-06,0
yunhee1222,2024-02-06,6877
rrrr4719,2024-02-06,6202
2boo2boo,2024-02-06,0
domangcha13,2024-02-06,33291
taeri0806,2024-02-06,7202
lapq8306,2024-02-06,8513
churros05,2024-02-06,0
wnnw,2024-02-07,7646
jyurim99,2024-02-07,512
tlswlgus95,2024-02-07,0
indy1028,2024-02-07,10201
goodb99,2024-02-07,18672
dkjfke,2024-02-07,11715
jieujieun11,2024-02-07,4504
dani67,2024-02-07,22528
ooo9330,2024-02-07,0
tpqhrdl,2024-02-07,9796
thwl9386,2024-02-07,7324
ekdus0830,2024-02-07,0
skygkrtn,2024-02-07,19138
vlfvlf789,2024-02-07,9832
sunwo2534,2024-02-07,10100
dockyong,2024-02-07,2903
1000song2,2024-02-07,0
p0r0r0,2024-02-07,1469
kunbams,2024-02-07,2738
damikim,2024-02-07,3486
jha0331,2024-02-07,13131
wendysul,2024-02-07,0
yunhee1222,2024-02-07,5027
rrrr4719,2024-02-07,22787
2boo2boo,2024-02-07,0
domangcha13,2024-02-07,0
taeri0806,2024-02-07,1278
lapq8306,2024-02-07,12471
churros05,2024-02-07,0
wnnw,2024-02-08,4
jyurim99,2024-02-08,24855
tlswlgus95,2024-02-08,10101
indy1028,2024-02-08,10412
goodb99,2024-02-08,13713
dkjfke,2024-02-08,35940
jieujieun11,2024-02-08,4051
dani67,2024-02-08,5863
ooo9330,2024-02-08,13400
tpqhrdl,2024-02-08,2331
thwl9386,2024-02-08,37113
ekdus0830,2024-02-08,0
skygkrtn,2024-02-08,20765
vlfvlf789,2024-02-08,40326
sunwo2534,2024-02-08,0
dockyong,2024-02-08,0
1000song2,2024-02-08,24794
p0r0r0,2024-02-08,8616
kunbams,2024-02-08,0
damikim,2024-02-08,0
jha0331,2024-02-08,15317
wendysul,2024-02-08,16175
yunhee1222,2024-02-08,28454
rrrr4719,2024-02-08,0
2boo2boo,2024-02-08,17001
domangcha13,2024-02-08,2837
taeri0806,2024-02-08,10457
lapq8306,2024-02-08,5237
churros05,2024-02-08,0
wnnw,2024-02-09,0
jyurim99,2024-02-09,50005
tlswlgus95,2024-02-09,0
indy1028,2024-02-09,0
goodb99,2024-02-09,28239
dkjfke,2024-02-09,3627
jieujieun11,2024-02-09,6012
dani67,2024-02-09,11118
ooo9330,2024-02-09,0
tpqhrdl,2024-02-09,50893
thwl9386,2024-02-09,0
ekdus0830,2024-02-09,1479
skygkrtn,2024-02-09,0
vlfvlf789,2024-02-09,5469
sunwo2534,2024-02-09,0
dockyong,2024-02-09,0
1000song2,2024-02-09,6284
p0r0r0,2024-02-09,0
kunbams,2024-02-09,0
damikim,2024-02-09,56279
jha0331,2024-02-09,84412
wendysul,2024-02-09,0
yunhee1222,2024-02-09,13298
rrrr4719,2024-02-09,14929
2boo2boo,2024-02-09,0
domangcha13,2024-02-09,0
taeri0806,2024-02-09,0
lapq8306,2024-02-09,11797
churros05,2024-02-09,0
wnnw,2024-02-10,0
jyurim99,2024-02-10,4129
tlswlgus95,2024-02-10,0
indy1028,2024-02-10,0
goodb99,2024-02-10,0
dkjfke,2024-02-10,0
jieujieun11,2024-02-10,7677
dani67,2024-02-10,5407
ooo9330,2024-02-10,2489
tpqhrdl,2024-02-10,954
thwl9386,2024-02-10,36654
ekdus0830,2024-02-10,435
skygkrtn,2024-02-10,0
vlfvlf789,2024-02-10,6828
sunwo2534,2024-02-10,6610
dockyong,2024-02-10,0
1000song2,2024-02-10,0
p0r0r0,2024-02-10,0
kunbams,2024-02-10,0
damikim,2024-02-10,4767
jha0331,2024-02-10,4958
wendysul,2024-02-10,0
yunhee1222,2024-02-10,10522
rrrr4719,2024-02-10,31428
2boo2boo,2024-02-10,10615
domangcha13,2024-02-10,0
taeri0806,2024-02-10,7318
lapq8306,2024-02-10,28438
churros05,2024-02-10,0
wnnw,2024-02-11,0
jyurim99,2024-02-11,0
tlswlgus95,2024-02-11,0
indy1028,2024-02-11,40321
goodb99,2024-02-11,0
dkjfke,2024-02-11,0
jieujieun11,2024-02-11,1647
dani67,2024-02-11,7137
ooo9330,2024-02-11,30012
tpqhrdl,2024-02-11,0
thwl9386,2024-02-11,0
ekdus0830,2024-02-11,1352
skygkrtn,2024-02-11,0
vlfvlf789,2024-02-11,18641
sunwo2534,2024-02-11,2366
dockyong,2024-02-11,5325
1000song2,2024-02-11,0
p0r0r0,2024-02-11,1794
kunbams,2024-02-11,4213
damikim,2024-02-11,32808
jha0331,2024-02-11,14453
wendysul,2024-02-11,10389
yunhee1222,2024-02-11,352
rrrr4719,2024-02-11,75202
2boo2boo,2024-02-11,5902
domangcha13,2024-02-11,31000
taeri0806,2024-02-11,7684
lapq8306,2024-02-11,7835
churros05,2024-02-11,0
wnnw,2024-02-12,0
jyurim99,2024-02-12,26640
tlswlgus95,2024-02-12,5781
indy1028,2024-02-12,0
goodb99,2024-02-12,0
dkjfke,2024-02-12,5136
jieujieun11,2024-02-12,0
dani67,2024-02-12,14915
ooo9330,2024-02-12,0
tpqhrdl,2024-02-12,34686
thwl9386,2024-02-12,0
ekdus0830,2024-02-12,0
skygkrtn,2024-02-12,25962
vlfvlf789,2024-02-12,17574
sunwo2534,2024-02-12,0
dockyong,2024-02-12,4784
1000song2,2024-02-12,20571
p0r0r0,2024-02-12,0
kunbams,2024-02-12,6050
damikim,2024-02-12,9138
jha0331,2024-02-12,0
wendysul,2024-02-12,5014
yunhee1222,2024-02-12,0
rrrr4719,2024-02-12,0
2boo2boo,2024-02-12,577
domangcha13,2024-02-12,18998
taeri0806,2024-02-12,1760
lapq8306,2024-02-12,1268
churros05,2024-02-12,0
wnnw,2024-02-13,27012
jyurim99,2024-02-13,11947
tlswlgus95,2024-02-13,2349
indy1028,2024-02-13,0
goodb99,2024-02-13,18741
dkjfke,2024-02-13,611
jieujieun11,2024-02-13,1319
dani67,2024-02-13,1850
ooo9330,2024-02-13,102113
tpqhrdl,2024-02-13,5078
thwl9386,2024-02-13,11884
ekdus0830,2024-02-13,1276
skygkrtn,2024-02-13,5252
vlfvlf789,2024-02-13,32545
sunwo2534,2024-02-13,5336
dockyong,2024-02-13,4116
1000song2,2024-02-13,14105
p0r0r0,2024-02-13,457
kunbams,2024-02-13,8260
damikim,2024-02-13,2110
jha0331,2024-02-13,0
wendysul,2024-02-13,1184
yunhee1222,2024-02-13,10414
rrrr4719,2024-02-13,8100
2boo2boo,2024-02-13,17179
domangcha13,2024-02-13,12113
taeri0806,2024-02-13,3396
lapq8306,2024-02-13,4103
churros05,2024-02-13,0
wnnw,2024-02-14,25408
jyurim99,2024-02-14,6916
tlswlgus95,2024-02-14,992
indy1028,2024-02-14,72276
goodb99,2024-02-14,17861
dkjfke,2024-02-14,12098
jieujieun11,2024-02-14,2971
dani67,2024-02-14,12454
ooo9330,2024-02-14,0
tpqhrdl,2024-02-14,9185
thwl9386,2024-02-14,9395
ekdus0830,2024-02-14,0
skygkrtn,2024-02-14,4881
vlfvlf789,2024-02-14,9107
sunwo2534,2024-02-14,4510
dockyong,2024-02-14,3090
1000song2,2024-02-14,9546
p0r0r0,2024-02-14,725
kunbams,2024-02-14,6227
damikim,2024-02-14,0
jha0331,2024-02-14,27614
wendysul,2024-02-14,2129
yunhee1222,2024-02-14,5041
rrrr4719,2024-02-14,17130
2boo2boo,2024-02-14,1693
domangcha13,2024-02-14,23946
taeri0806,2024-02-14,0
lapq8306,2024-02-14,13710
churros05,2024-02-14,0
wnnw,2024-02-15,23032
jyurim99,2024-02-15,6147
tlswlgus95,2024-02-15,7659
indy1028,2024-02-15,1777
goodb99,2024-02-15,16847
dkjfke,2024-02-15,8995
jieujieun11,2024-02-15,1714
dani67,2024-02-15,7483
ooo9330,2024-02-15,0
tpqhrdl,2024-02-15,2044
thwl9386,2024-02-15,4315
ekdus0830,2024-02-15,322
skygkrtn,2024-02-15,3
vlfvlf789,2024-02-15,10421
sunwo2534,2024-02-15,759
dockyong,2024-02-15,108
1000song2,2024-02-15,5476
p0r0r0,2024-02-15,1713
kunbams,2024-02-15,400
damikim,2024-02-15,2167
jha0331,2024-02-15,16550
wendysul,2024-02-15,2868
yunhee1222,2024-02-15,748
rrrr4719,2024-02-15,0
2boo2boo,2024-02-15,48
domangcha13,2024-02-15,38014
taeri0806,2024-02-15,10100
lapq8306,2024-02-15,0
churros05,2024-02-15,0
wnnw,2024-02-16,106508
jyurim99,2024-02-16,50728
tlswlgus95,2024-02-16,2024
indy1028,2024-02-16,1009
goodb99,2024-02-16,502
dkjfke,2024-02-16,5719
jieujieun11,2024-02-16,11966
dani67,2024-02-16,3437
ooo9330,2024-02-16,0
tpqhrdl,2024-02-16,0
thwl9386,2024-02-16,0
ekdus0830,2024-02-16,0
skygkrtn,2024-02-16,5469
vlfvlf789,2024-02-16,12183
sunwo2534,2024-02-16,14513
dockyong,2024-02-16,4221
1000song2,2024-02-16,20838
p0r0r0,2024-02-16,4565
kunbams,2024-02-16,3249
damikim,2024-02-16,0
jha0331,2024-02-16,6492
wendysul,2024-02-16,14032
yunhee1222,2024-02-16,2492
rrrr4719,2024-02-16,30124
2boo2boo,2024-02-16,2717
domangcha13,2024-02-16,35611
taeri0806,2024-02-16,7950
lapq8306,2024-02-16,5157
churros05,2024-02-16,0
wnnw,2024-02-17,17325
jyurim99,2024-02-17,3841
tlswlgus95,2024-02-17,6874
indy1028,2024-02-17,16402
goodb99,2024-02-17,15099
dkjfke,2024-02-17,12179
jieujieun11,2024-02-17,27718
dani67,2024-02-17,18628
ooo9330,2024-02-17,0
tpqhrdl,2024-02-17,10049
thwl9386,2024-02-17,17110
ekdus0830,2024-02-17,3466
skygkrtn,2024-02-17,17131
vlfvlf789,2024-02-17,186846
sunwo2534,2024-02-17,2863
dockyong,2024-02-17,0
1000song2,2024-02-17,20454
p0r0r0,2024-02-17,3935
kunbams,2024-02-17,2997
damikim,2024-02-17,20258
jha0331,2024-02-17,11088
wendysul,2024-02-17,5345
yunhee1222,2024-02-17,9024
rrrr4719,2024-02-17,1188
2boo2boo,2024-02-17,2238
domangcha13,2024-02-17,0
taeri0806,2024-02-17,21407
lapq8306,2024-02-17,24261
churros05,2024-02-17,0
wnnw,2024-02-18,16744
jyurim99,2024-02-18,25707
tlswlgus95,2024-02-18,0
indy1028,2024-02-18,7649
goodb99,2024-02-18,0
dkjfke,2024-02-18,2489
jieujieun11,2024-02-18,172
dani67,2024-02-18,15320
ooo9330,2024-02-18,0
tpqhrdl,2024-02-18,4487
thwl9386,2024-02-18,12102
ekdus0830,2024-02-18,618
skygkrtn,2024-02-18,4413
vlfvlf789,2024-02-18,221970
sunwo2534,2024-02-18,6704
dockyong,2024-02-18,9441
1000song2,2024-02-18,16650
p0r0r0,2024-02-18,3754
kunbams,2024-02-18,5605
damikim,2024-02-18,7749
jha0331,2024-02-18,8438
wendysul,2024-02-18,7649
yunhee1222,2024-02-18,49812
rrrr4719,2024-02-18,21501
2boo2boo,2024-02-18,592
domangcha13,2024-02-18,37378
taeri0806,2024-02-18,3882
lapq8306,2024-02-18,0
churros05,2024-02-18,0
wnnw,2024-02-19,0
jyurim99,2024-02-19,8302
tlswlgus95,2024-02-19,3788
indy1028,2024-02-19,17230
goodb99,2024-02-19,27160
dkjfke,2024-02-19,1125
jieujieun11,2024-02-19,40
dani67,2024-02-19,12875
ooo9330,2024-02-19,0
tpqhrdl,2024-02-19,1
thwl9386,2024-02-19,17705
ekdus0830,2024-02-19,0
skygkrtn,2024-02-19,16475
vlfvlf789,2024-02-19,20122
sunwo2534,2024-02-19,18154
dockyong,2024-02-19,2448
1000song2,2024-02-19,20993
p0r0r0,2024-02-19,6875
kunbams,2024-02-19,4141
damikim,2024-02-19,0
jha0331,2024-02-19,22385
wendysul,2024-02-19,4647
yunhee1222,2024-02-19,3462
rrrr4719,2024-02-19,18388
2boo2boo,2024-02-19,35163
domangcha13,2024-02-19,42622
taeri0806,2024-02-19,10017
lapq8306,2024-02-19,12844
churros05,2024-02-19,0
wnnw,2024-02-20,22052
jyurim99,2024-02-20,13582
tlswlgus95,2024-02-20,6904
indy1028,2024-02-20,1350
goodb99,2024-02-20,4432
dkjfke,2024-02-20,120
jieujieun11,2024-02-20,3557
dani67,2024-02-20,9070
ooo9330,2024-02-20,0
tpqhrdl,2024-02-20,824
thwl9386,2024-02-20,1131
ekdus0830,2024-02-20,1653
skygkrtn,2024-02-20,4281
vlfvlf789,2024-02-20,26100
sunwo2534,2024-02-20,225
dockyong,2024-02-20,1082
1000song2,2024-02-20,4960
p0r0r0,2024-02-20,53347
kunbams,2024-02-20,3908
damikim,2024-02-20,4922
jha0331,2024-02-20,0
wendysul,2024-02-20,5409
yunhee1222,2024-02-20,12966
rrrr4719,2024-02-20,0
2boo2boo,2024-02-20,3464
domangcha13,2024-02-20,68064
taeri0806,2024-02-20,971
lapq8306,2024-02-20,11826
churros05,2024-02-20,0
wnnw,2024-02-21,0
jyurim99,2024-02-21,2133
tlswlgus95,2024-02-21,1451
indy1028,2024-02-21,1602
goodb99,2024-02-21,10127
dkjfke,2024-02-21,0
jieujieun11,2024-02-21,189
dani67,2024-02-21,0
ooo9330,2024-02-21,0
tpqhrdl,2024-02-21,11726
thwl9386,2024-02-21,6530
ekdus0830,2024-02-21,2301
skygkrtn,2024-02-21,0
vlfvlf789,2024-02-21,0
sunwo2534,2024-02-21,1659
dockyong,2024-02-21,5407
1000song2,2024-02-21,1866
p0r0r0,2024-02-21,71603
kunbams,2024-02-21,0
damikim,2024-02-21,356
jha0331,2024-02-21,0
wendysul,2024-02-21,5436
yunhee1222,2024-02-21,3864
rrrr4719,2024-02-21,51418
2boo2boo,2024-02-21,455
domangcha13,2024-02-21,40112
taeri0806,2024-02-21,38351
lapq8306,2024-02-21,23500
churros05,2024-02-21,0
wnnw,2024-02-22,79523
jyurim99,2024-02-22,13042
tlswlgus95,2024-02-22,0
indy1028,2024-02-22,6619
goodb99,2024-02-22,1
dkjfke,2024-02-22,59
jieujieun11,2024-02-22,964
dani67,2024-02-22,6984
ooo9330,2024-02-22,0
tpqhrdl,2024-02-22,3294
thwl9386,2024-02-22,10817
ekdus0830,2024-02-22,1
skygkrtn,2024-02-22,19563
vlfvlf789,2024-02-22,10407
sunwo2534,2024-02-22,2060
dockyong,2024-02-22,3618
1000song2,2024-02-22,2790
p0r0r0,2024-02-22,0
kunbams,2024-02-22,6472
damikim,2024-02-22,0
jha0331,2024-02-22,30255
wendysul,2024-02-22,9566
yunhee1222,2024-02-22,1216
rrrr4719,2024-02-22,13524
2boo2boo,2024-02-22,1469
domangcha13,2024-02-22,34678
taeri0806,2024-02-22,6262
lapq8306,2024-02-22,6693
churros05,2024-02-22,0
wnnw,2024-02-23,0
jyurim99,2024-02-23,12318
tlswlgus95,2024-02-23,0
indy1028,2024-02-23,4794
goodb99,2024-02-23,16614
dkjfke,2024-02-23,4819
jieujieun11,2024-02-23,4306
dani67,2024-02-23,14819
ooo9330,2024-02-23,0
tpqhrdl,2024-02-23,4857
thwl9386,2024-02-23,8790
ekdus0830,2024-02-23,2210
skygkrtn,2024-02-23,0
vlfvlf789,2024-02-23,19397
sunwo2534,2024-02-23,10359
dockyong,2024-02-23,3321
1000song2,2024-02-23,14832
p0r0r0,2024-02-23,8450
kunbams,2024-02-23,573
damikim,2024-02-23,5296
jha0331,2024-02-23,15357
wendysul,2024-02-23,7943
yunhee1222,2024-02-23,6205
rrrr4719,2024-02-23,13776
2boo2boo,2024-02-23,35731
domangcha13,2024-02-23,0
taeri0806,2024-02-23,20477
lapq8306,2024-02-23,5377
churros05,2024-02-23,0
wnnw,2024-02-24,3093840
jyurim99,2024-02-24,5097
tlswlgus95,2024-02-24,0
indy1028,2024-02-24,0
goodb99,2024-02-24,0
dkjfke,2024-02-24,0
jieujieun11,2024-02-24,0
dani67,2024-02-24,0
ooo9330,2024-02-24,0
tpqhrdl,2024-02-24,0
thwl9386,2024-02-24,0
ekdus0830,2024-02-24,0
skygkrtn,2024-02-24,0
vlfvlf789,2024-02-24,711
sunwo2534,2024-02-24,0
dockyong,2024-02-24,0
1000song2,2024-02-24,9966
p0r0r0,2024-02-24,0
kunbams,2024-02-24,4360
damikim,2024-02-24,170
jha0331,2024-02-24,4347
wendysul,2024-02-24,184
yunhee1222,2024-02-24,0
rrrr4719,2024-02-24,0
2boo2boo,2024-02-24,0
domangcha13,2024-02-24,11911
taeri0806,2024-02-24,0
lapq8306,2024-02-24,2512
churros05,2024-02-24,0
wnnw,2024-02-25,0
jyurim99,2024-02-25,4491
tlswlgus95,2024-02-25,0
indy1028,2024-02-25,9735
goodb99,2024-02-25,16069
dkjfke,2024-02-25,0
jieujieun11,2024-02-25,0
dani67,2024-02-25,22773
ooo9330,2024-02-25,0
tpqhrdl,2024-02-25,7593
thwl9386,2024-02-25,14403
ekdus0830,2024-02-25,5920
skygkrtn,2024-02-25,222
vlfvlf789,2024-02-25,44884
sunwo2534,2024-02-25,3416
dockyong,2024-02-25,303
1000song2,2024-02-25,0
p0r0r0,2024-02-25,0
kunbams,2024-02-25,1464
damikim,2024-02-25,10181
jha0331,2024-02-25,4368
wendysul,2024-02-25,0
yunhee1222,2024-02-25,0
rrrr4719,2024-02-25,15624
2boo2boo,2024-02-25,15622
domangcha13,2024-02-25,11859
taeri0806,2024-02-25,120
lapq8306,2024-02-25,11780
churros05,2024-02-25,0
wnnw,2024-02-26,0
jyurim99,2024-02-26,0
tlswlgus95,2024-02-26,0
indy1028,2024-02-26,0
goodb99,2024-02-26,4186
dkjfke,2024-02-26,0
jieujieun11,2024-02-26,3278
dani67,2024-02-26,0
ooo9330,2024-02-26,0
tpqhrdl,2024-02-26,0
thwl9386,2024-02-26,0
ekdus0830,2024-02-26,10703
skygkrtn,2024-02-26,8101
vlfvlf789,2024-02-26,32280
sunwo2534,2024-02-26,0
dockyong,2024-02-26,0
1000song2,2024-02-26,0
p0r0r0,2024-02-26,2185
kunbams,2024-02-26,0
damikim,2024-02-26,0
jha0331,2024-02-26,0
wendysul,2024-02-26,0
yunhee1222,2024-02-26,0
rrrr4719,2024-02-26,0
2boo2boo,2024-02-26,0
domangcha13,2024-02-26,70706
taeri0806,2024-02-26,0
lapq8306,2024-02-26,2144
churros05,2024-02-26,0
wnnw,2024-02-27,10058
jyurim99,2024-02-27,7444
tlswlgus95,2024-02-27,0
indy1028,2024-02-27,5341
goodb99,2024-02-27,0
dkjfke,2024-02-27,2266
jieujieun11,2024-02-27,277
dani67,2024-02-27,4880
ooo9330,2024-02-27,0
tpqhrdl,2024-02-27,1750
thwl9386,2024-02-27,2984
ekdus0830,2024-02-27,1441
skygkrtn,2024-02-27,3258
vlfvlf789,2024-02-27,100
sunwo2534,2024-02-27,0
dockyong,2024-02-27,10
1000song2,2024-02-27,28419
p0r0r0,2024-02-27,0
kunbams,2024-02-27,1554
damikim,2024-02-27,3
jha0331,2024-02-27,0
wendysul,2024-02-27,2588
yunhee1222,2024-02-27,0
rrrr4719,2024-02-27,3547
2boo2boo,2024-02-27,3963
domangcha13,2024-02-27,0
taeri0806,2024-02-27,0
lapq8306,2024-02-27,6319
churros05,2024-02-27,0
wnnw,2024-02-28,8921
jyurim99,2024-02-28,7849
tlswlgus95,2024-02-28,9549
indy1028,2024-02-28,0
goodb99,2024-02-28,0
dkjfke,2024-02-28,18887
jieujieun11,2024-02-28,28732
dani67,2024-02-28,35951
ooo9330,2024-02-28,0
tpqhrdl,2024-02-28,515
thwl9386,2024-02-28,0
ekdus0830,2024-02-28,3010
skygkrtn,2024-02-28,18380
vlfvlf789,2024-02-28,0
sunwo2534,2024-02-28,0
dockyong,2024-02-28,14652
1000song2,2024-02-28,35255
p0r0r0,2024-02-28,5270
kunbams,2024-02-28,0
damikim,2024-02-28,800
jha0331,2024-02-28,17824
wendysul,2024-02-28,0
yunhee1222,2024-02-28,0
rrrr4719,2024-02-28,19898
2boo2boo,2024-02-28,1809
domangcha13,2024-02-28,27893
taeri0806,2024-02-28,17186
lapq8306,2024-02-28,8700
churros05,2024-02-28,0
wnnw,2024-02-29,0
jyurim99,2024-02-29,2776
tlswlgus95,2024-02-29,1472
indy1028,2024-02-29,0
goodb99,2024-02-29,14504
dkjfke,2024-02-29,0
jieujieun11,2024-02-29,13119
dani67,2024-02-29,9560
ooo9330,2024-02-29,0
tpqhrdl,2024-02-29,0
thwl9386,2024-02-29,6779
ekdus0830,2024-02-29,0
skygkrtn,2024-02-29,56045
vlfvlf789,2024-02-29,21028
sunwo2534,2024-02-29,5165
dockyong,2024-02-29,2551
1000song2,2024-02-29,5520
p0r0r0,2024-02-29,0
kunbams,2024-02-29,0
damikim,2024-02-29,2728
jha0331,2024-02-29,0
wendysul,2024-02-29,14416
yunhee1222,2024-02-29,0
rrrr4719,2024-02-29,271
2boo2boo,2024-02-29,0
domangcha13,2024-02-29,46540
taeri0806,2024-02-29,6126
lapq8306,2024-02-29,2563
churros05,2024-02-29,0
wnnw,2024-03-01,0
jyurim99,2024-03-01,84889
tlswlgus95,2024-03-01,2766
indy1028,2024-03-01,8292
goodb99,2024-03-01,10967
dkjfke,2024-03-01,11299
jieujieun11,2024-03-01,4436
dani67,2024-03-01,34631
ooo9330,2024-03-01,0
tpqhrdl,2024-03-01,0
thwl9386,2024-03-01,20485
ekdus0830,2024-03-01,5691
skygkrtn,2024-03-01,1266
vlfvlf789,2024-03-01,11886
sunwo2534,2024-03-01,8205
dockyong,2024-03-01,5880
1000song2,2024-03-01,25022
p0r0r0,2024-03-01,250
kunbams,2024-03-01,10922
damikim,2024-03-01,44340
jha0331,2024-03-01,123574
wendysul,2024-03-01,20453
yunhee1222,2024-03-01,10271
rrrr4719,2024-03-01,0
2boo2boo,2024-03-01,12700
domangcha13,2024-03-01,31620
taeri0806,2024-03-01,68172
lapq8306,2024-03-01,11621
churros05,2024-03-01,0
wnnw,2024-03-02,36040
jyurim99,2024-03-02,6992
tlswlgus95,2024-03-02,15224
indy1028,2024-03-02,22314
goodb99,2024-03-02,12145
dkjfke,2024-03-02,9353
jieujieun11,2024-03-02,7033
dani67,2024-03-02,5961
ooo9330,2024-03-02,0
tpqhrdl,2024-03-02,830
thwl9386,2024-03-02,11672
ekdus0830,2024-03-02,0
skygkrtn,2024-03-02,0
vlfvlf789,2024-03-02,30072
sunwo2534,2024-03-02,735
dockyong,2024-03-02,0
1000song2,2024-03-02,33039
p0r0r0,2024-03-02,4067
kunbams,2024-03-02,801
damikim,2024-03-02,5180
jha0331,2024-03-02,10000
wendysul,2024-03-02,0
yunhee1222,2024-03-02,16792
rrrr4719,2024-03-02,14660
2boo2boo,2024-03-02,10129
domangcha13,2024-03-02,0
taeri0806,2024-03-02,0
lapq8306,2024-03-02,11061
churros05,2024-03-02,0
wnnw,2024-03-03,13408
jyurim99,2024-03-03,1761
tlswlgus95,2024-03-03,0
indy1028,2024-03-03,11435
goodb99,2024-03-03,39011
dkjfke,2024-03-03,0
jieujieun11,2024-03-03,2713
dani67,2024-03-03,6081
ooo9330,2024-03-03,0
tpqhrdl,2024-03-03,2330
thwl9386,2024-03-03,0
ekdus0830,2024-03-03,1596
skygkrtn,2024-03-03,4619
vlfvlf789,2024-03-03,3009
sunwo2534,2024-03-03,6251
dockyong,2024-03-03,777
1000song2,2024-03-03,28317
p0r0r0,2024-03-03,2246
kunbams,2024-03-03,4165
damikim,2024-03-03,23004
jha0331,2024-03-03,0
wendysul,2024-03-03,22052
yunhee1222,2024-03-03,6263
rrrr4719,2024-03-03,0
2boo2boo,2024-03-03,0
domangcha13,2024-03-03,21623
taeri0806,2024-03-03,2474
lapq8306,2024-03-03,11747
churros05,2024-03-03,0
wnnw,2024-03-04,0
jyurim99,2024-03-04,222435
tlswlgus95,2024-03-04,0
indy1028,2024-03-04,17861
goodb99,2024-03-04,5239
dkjfke,2024-03-04,3943
jieujieun11,2024-03-04,14338
dani67,2024-03-04,0
ooo9330,2024-03-04,0
tpqhrdl,2024-03-04,3051
thwl9386,2024-03-04,8767
ekdus0830,2024-03-04,8491
skygkrtn,2024-03-04,4949
vlfvlf789,2024-03-04,4354
sunwo2534,2024-03-04,8270
dockyong,2024-03-04,8758
1000song2,2024-03-04,5845
p0r0r0,2024-03-04,13043
kunbams,2024-03-04,2571
damikim,2024-03-04,163991
jha0331,2024-03-04,28803
wendysul,2024-03-04,6783
yunhee1222,2024-03-04,38769
rrrr4719,2024-03-04,27255
2boo2boo,2024-03-04,5016
domangcha13,2024-03-04,7013
taeri0806,2024-03-04,7426
lapq8306,2024-03-04,2803
churros05,2024-03-04,0
wnnw,2024-03-05,117206
jyurim99,2024-03-05,27827
tlswlgus95,2024-03-05,0
indy1028,2024-03-05,0
goodb99,2024-03-05,4109
dkjfke,2024-03-05,618
jieujieun11,2024-03-05,5483
dani67,2024-03-05,0
ooo9330,2024-03-05,0
tpqhrdl,2024-03-05,7778
thwl9386,2024-03-05,9207
ekdus0830,2024-03-05,2000
skygkrtn,2024-03-05,4405
vlfvlf789,2024-03-05,0
sunwo2534,2024-03-05,7627
dockyong,2024-03-05,1004
1000song2,2024-03-05,0
p0r0r0,2024-03-05,0
kunbams,2024-03-05,1319
damikim,2024-03-05,832
jha0331,2024-03-05,0
wendysul,2024-03-05,0
yunhee1222,2024-03-05,21100
rrrr4719,2024-03-05,0
2boo2boo,2024-03-05,0
domangcha13,2024-03-05,58235
taeri0806,2024-03-05,2554
lapq8306,2024-03-05,0
churros05,2024-03-05,0
wnnw,2024-03-06,27078
jyurim99,2024-03-06,0
tlswlgus95,2024-03-06,0
indy1028,2024-03-06,5793
goodb99,2024-03-06,0
dkjfke,2024-03-06,7398
jieujieun11,2024-03-06,4954
dani67,2024-03-06,11533
ooo9330,2024-03-06,157995
tpqhrdl,2024-03-06,20469
thwl9386,2024-03-06,27737
ekdus0830,2024-03-06,1961
skygkrtn,2024-03-06,2784
vlfvlf789,2024-03-06,4838
sunwo2534,2024-03-06,1825
dockyong,2024-03-06,6520
1000song2,2024-03-06,18586
p0r0r0,2024-03-06,8786
kunbams,2024-03-06,2000
damikim,2024-03-06,23483
jha0331,2024-03-06,104201
wendysul,2024-03-06,30142
yunhee1222,2024-03-06,0
rrrr4719,2024-03-06,26521
2boo2boo,2024-03-06,21937
domangcha13,2024-03-06,26240
taeri0806,2024-03-06,173
lapq8306,2024-03-06,14655
churros05,2024-03-06,2612
wnnw,2024-03-07,0
jyurim99,2024-03-07,41879
tlswlgus95,2024-03-07,0
indy1028,2024-03-07,131849
goodb99,2024-03-07,34190
dkjfke,2024-03-07,4121
jieujieun11,2024-03-07,733
dani67,2024-03-07,4155
ooo9330,2024-03-07,28128
tpqhrdl,2024-03-07,15067
thwl9386,2024-03-07,15336
ekdus0830,2024-03-07,2689
skygkrtn,2024-03-07,44199
vlfvlf789,2024-03-07,4499
sunwo2534,2024-03-07,10793
dockyong,2024-03-07,8375
1000song2,2024-03-07,2760
p0r0r0,2024-03-07,5739
kunbams,2024-03-07,0
damikim,2024-03-07,15445
jha0331,2024-03-07,22721
wendysul,2024-03-07,0
yunhee1222,2024-03-07,6684
rrrr4719,2024-03-07,14157
2boo2boo,2024-03-07,3368
domangcha13,2024-03-07,33235
taeri0806,2024-03-07,10177
lapq8306,2024-03-07,20207
churros05,2024-03-07,0
wnnw,2024-03-08,0
jyurim99,2024-03-08,19065
tlswlgus95,2024-03-08,0
indy1028,2024-03-08,23034
goodb99,2024-03-08,273
dkjfke,2024-03-08,642
jieujieun11,2024-03-08,5218
dani67,2024-03-08,19260
ooo9330,2024-03-08,26111
tpqhrdl,2024-03-08,2072
thwl9386,2024-03-08,0
ekdus0830,2024-03-08,7186
skygkrtn,2024-03-08,18162
vlfvlf789,2024-03-08,12478
sunwo2534,2024-03-08,6799
dockyong,2024-03-08,233
1000song2,2024-03-08,20000
p0r0r0,2024-03-08,11242
kunbams,2024-03-08,0
damikim,2024-03-08,5497
jha0331,2024-03-08,5957
wendysul,2024-03-08,10124
yunhee1222,2024-03-08,19751
rrrr4719,2024-03-08,15290
2boo2boo,2024-03-08,9245
domangcha13,2024-03-08,19823
taeri0806,2024-03-08,18920
lapq8306,2024-03-08,26348
churros05,2024-03-08,0
wnnw,2024-03-09,27613
jyurim99,2024-03-09,7394
tlswlgus95,2024-03-09,0
indy1028,2024-03-09,30283
goodb99,2024-03-09,27388
dkjfke,2024-03-09,7105
jieujieun11,2024-03-09,7064
dani67,2024-03-09,5940
ooo9330,2024-03-09,0
tpqhrdl,2024-03-09,7694
thwl9386,2024-03-09,8980
ekdus0830,2024-03-09,1370
skygkrtn,2024-03-09,4443
vlfvlf789,2024-03-09,18288
sunwo2534,2024-03-09,5825
dockyong,2024-03-09,5194
1000song2,2024-03-09,14804
p0r0r0,2024-03-09,1328
kunbams,2024-03-09,0
damikim,2024-03-09,19114
jha0331,2024-03-09,13959
wendysul,2024-03-09,0
yunhee1222,2024-03-09,9647
rrrr4719,2024-03-09,10979
2boo2boo,2024-03-09,2282
domangcha13,2024-03-09,0
taeri0806,2024-03-09,2679
lapq8306,2024-03-09,4926
churros05,2024-03-09,0
wnnw,2024-03-10,22475
jyurim99,2024-03-10,17751
tlswlgus95,2024-03-10,0
indy1028,2024-03-10,2963
goodb99,2024-03-10,8102
dkjfke,2024-03-10,15508
jieujieun11,2024-03-10,5445
dani67,2024-03-10,3105
ooo9330,2024-03-10,18214
tpqhrdl,2024-03-10,7030
thwl9386,2024-03-10,11217
ekdus0830,2024-03-10,142
skygkrtn,2024-03-10,0
vlfvlf789,2024-03-10,13820
sunwo2534,2024-03-10,515
dockyong,2024-03-10,133
1000song2,2024-03-10,0
p0r0r0,2024-03-10,10363
kunbams,2024-03-10,0
damikim,2024-03-10,5162
jha0331,2024-03-10,6001
wendysul,2024-03-10,14725
yunhee1222,2024-03-10,6496
rrrr4719,2024-03-10,4326
2boo2boo,2024-03-10,0
domangcha13,2024-03-10,0
taeri0806,2024-03-10,17127
lapq8306,2024-03-10,3443
churros05,2024-03-10,10383
wnnw,2024-03-11,42867
jyurim99,2024-03-11,12905
tlswlgus95,2024-03-11,0
indy1028,2024-03-11,701
goodb99,2024-03-11,32136
dkjfke,2024-03-11,3387
jieujieun11,2024-03-11,8956
dani67,2024-03-11,7431
ooo9330,2024-03-11,17801
tpqhrdl,2024-03-11,528
thwl9386,2024-03-11,0
ekdus0830,2024-03-11,0
skygkrtn,2024-03-11,9248
vlfvlf789,2024-03-11,17472
sunwo2534,2024-03-11,6896
dockyong,2024-03-11,2722
1000song2,2024-03-11,0
p0r0r0,2024-03-11,1415
kunbams,2024-03-11,0
damikim,2024-03-11,6425
jha0331,2024-03-11,8481
wendysul,2024-03-11,4413
yunhee1222,2024-03-11,7372
rrrr4719,2024-03-11,10711
2boo2boo,2024-03-11,11726
domangcha13,2024-03-11,21155
taeri0806,2024-03-11,2750
lapq8306,2024-03-11,1474
churros05,2024-03-11,7018
wnnw,2024-03-12,50406
jyurim99,2024-03-12,13114
tlswlgus95,2024-03-12,0
indy1028,2024-03-12,10974
goodb99,2024-03-12,33095
dkjfke,2024-03-12,9398
jieujieun11,2024-03-12,1355
dani67,2024-03-12,5963
ooo9330,2024-03-12,0
tpqhrdl,2024-03-12,111
thwl9386,2024-03-12,9331
ekdus0830,2024-03-12,1649
skygkrtn,2024-03-12,444
vlfvlf789,2024-03-12,2255
sunwo2534,2024-03-12,1850
dockyong,2024-03-12,1154
1000song2,2024-03-12,18612
p0r0r0,2024-03-12,7673
kunbams,2024-03-12,0
damikim,2024-03-12,0
jha0331,2024-03-12,5403
wendysul,2024-03-12,0
yunhee1222,2024-03-12,29293
rrrr4719,2024-03-12,13658
2boo2boo,2024-03-12,6717
domangcha13,2024-03-12,0
taeri0806,2024-03-12,10230
lapq8306,2024-03-12,4934
churros05,2024-03-12,7858
wnnw,2024-03-13,0
jyurim99,2024-03-13,6005
tlswlgus95,2024-03-13,0
indy1028,2024-03-13,3723
goodb99,2024-03-13,14069
dkjfke,2024-03-13,21861
jieujieun11,2024-03-13,1963
dani67,2024-03-13,8514
ooo9330,2024-03-13,16436
tpqhrdl,2024-03-13,12987
thwl9386,2024-03-13,35798
ekdus0830,2024-03-13,1968
skygkrtn,2024-03-13,1530
vlfvlf789,2024-03-13,5257
sunwo2534,2024-03-13,9492
dockyong,2024-03-13,7654
1000song2,2024-03-13,43137
p0r0r0,2024-03-13,17608
kunbams,2024-03-13,0
damikim,2024-03-13,30662
jha0331,2024-03-13,16315
wendysul,2024-03-13,12466
yunhee1222,2024-03-13,14668
rrrr4719,2024-03-13,0
2boo2boo,2024-03-13,0
domangcha13,2024-03-13,28258
taeri0806,2024-03-13,848
lapq8306,2024-03-13,5506
churros05,2024-03-13,1401
wnnw,2024-03-14,58012
jyurim99,2024-03-14,13377
tlswlgus95,2024-03-14,0
indy1028,2024-03-14,18534
goodb99,2024-03-14,227
dkjfke,2024-03-14,768
jieujieun11,2024-03-14,7774
dani67,2024-03-14,988
ooo9330,2024-03-14,16043
tpqhrdl,2024-03-14,446
thwl9386,2024-03-14,6463
ekdus0830,2024-03-14,1312
skygkrtn,2024-03-14,5393
vlfvlf789,2024-03-14,17069
sunwo2534,2024-03-14,2587
dockyong,2024-03-14,3752
1000song2,2024-03-14,24113
p0r0r0,2024-03-14,0
kunbams,2024-03-14,0
damikim,2024-03-14,0
jha0331,2024-03-14,25111
wendysul,2024-03-14,0
yunhee1222,2024-03-14,0
rrrr4719,2024-03-14,5200
2boo2boo,2024-03-14,1736
domangcha13,2024-03-14,20022
taeri0806,2024-03-14,4234
lapq8306,2024-03-14,0
churros05,2024-03-14,5612
wnnw,2024-03-15,0
jyurim99,2024-03-15,5167
tlswlgus95,2024-03-15,0
indy1028,2024-03-15,3869
goodb99,2024-03-15,13663
dkjfke,2024-03-15,17597
jieujieun11,2024-03-15,2155
dani67,2024-03-15,2983
ooo9330,2024-03-15,1447
tpqhrdl,2024-03-15,1430
thwl9386,2024-03-15,13423
ekdus0830,2024-03-15,10254
skygkrtn,2024-03-15,30
vlfvlf789,2024-03-15,31490
sunwo2534,2024-03-15,231
dockyong,2024-03-15,1845
1000song2,2024-03-15,0
p0r0r0,2024-03-15,3638
kunbams,2024-03-15,0
damikim,2024-03-15,3399
jha0331,2024-03-15,10594
wendysul,2024-03-15,53251
yunhee1222,2024-03-15,11572
rrrr4719,2024-03-15,12805
2boo2boo,2024-03-15,0
domangcha13,2024-03-15,18503
taeri0806,2024-03-15,2835
lapq8306,2024-03-15,13685
churros05,2024-03-15,12087
wnnw,2024-03-16,3719703
jyurim99,2024-03-16,11421
tlswlgus95,2024-03-16,0
indy1028,2024-03-16,0
goodb99,2024-03-16,0
dkjfke,2024-03-16,0
jieujieun11,2024-03-16,390
dani67,2024-03-16,0
ooo9330,2024-03-16,8136
tpqhrdl,2024-03-16,0
thwl9386,2024-03-16,0
ekdus0830,2024-03-16,0
skygkrtn,2024-03-16,0
vlfvlf789,2024-03-16,4155
sunwo2534,2024-03-16,0
dockyong,2024-03-16,0
1000song2,2024-03-16,579
p0r0r0,2024-03-16,4094
kunbams,2024-03-16,0
damikim,2024-03-16,60
jha0331,2024-03-16,1672
wendysul,2024-03-16,0
yunhee1222,2024-03-16,0
rrrr4719,2024-03-16,0
2boo2boo,2024-03-16,0
domangcha13,2024-03-16,0
taeri0806,2024-03-16,478
lapq8306,2024-03-16,906
churros05,2024-03-16,6
wnnw,2024-03-17,0
jyurim99,2024-03-17,39218
tlswlgus95,2024-03-17,0
indy1028,2024-03-17,0
goodb99,2024-03-17,49292
dkjfke,2024-03-17,0
jieujieun11,2024-03-17,2154
dani67,2024-03-17,4248
ooo9330,2024-03-17,0
tpqhrdl,2024-03-17,2645
thwl9386,2024-03-17,16531
ekdus0830,2024-03-17,0
skygkrtn,2024-03-17,0
vlfvlf789,2024-03-17,5305
sunwo2534,2024-03-17,0
dockyong,2024-03-17,0
1000song2,2024-03-17,0
p0r0r0,2024-03-17,0
kunbams,2024-03-17,0
damikim,2024-03-17,1632
jha0331,2024-03-17,7316
wendysul,2024-03-17,0
yunhee1222,2024-03-17,9094
rrrr4719,2024-03-17,76747
2boo2boo,2024-03-17,394
domangcha13,2024-03-17,0
taeri0806,2024-03-17,0
lapq8306,2024-03-17,5505
churros05,2024-03-17,3
wnnw,2024-03-18,110467
jyurim99,2024-03-18,6075
tlswlgus95,2024-03-18,0
indy1028,2024-03-18,24741
goodb99,2024-03-18,22703
dkjfke,2024-03-18,21775
jieujieun11,2024-03-18,0
dani67,2024-03-18,8893
ooo9330,2024-03-18,0
tpqhrdl,2024-03-18,2465
thwl9386,2024-03-18,0
ekdus0830,2024-03-18,5154
skygkrtn,2024-03-18,22468
vlfvlf789,2024-03-18,21358
sunwo2534,2024-03-18,3926
dockyong,2024-03-18,9692
1000song2,2024-03-18,34394
p0r0r0,2024-03-18,3979
kunbams,2024-03-18,0
damikim,2024-03-18,42612
jha0331,2024-03-18,0
wendysul,2024-03-18,0
yunhee1222,2024-03-18,15701
rrrr4719,2024-03-18,0
2boo2boo,2024-03-18,10302
domangcha13,2024-03-18,0
taeri0806,2024-03-18,5544
lapq8306,2024-03-18,20045
churros05,2024-03-18,501
wnnw,2024-03-19,37185
jyurim99,2024-03-19,10579
tlswlgus95,2024-03-19,0
indy1028,2024-03-19,20384
goodb99,2024-03-19,0
dkjfke,2024-03-19,10846
jieujieun11,2024-03-19,13023
dani67,2024-03-19,2816
ooo9330,2024-03-19,27548
tpqhrdl,2024-03-19,10802
thwl9386,2024-03-19,38151
ekdus0830,2024-03-19,2087
skygkrtn,2024-03-19,689
vlfvlf789,2024-03-19,10049
sunwo2534,2024-03-19,1863
dockyong,2024-03-19,5889
1000song2,2024-03-19,17003
p0r0r0,2024-03-19,3097
kunbams,2024-03-19,3110
damikim,2024-03-19,0
jha0331,2024-03-19,2397
wendysul,2024-03-19,4115
yunhee1222,2024-03-19,6121
rrrr4719,2024-03-19,0
2boo2boo,2024-03-19,2209
domangcha13,2024-03-19,29828
taeri0806,2024-03-19,0
lapq8306,2024-03-19,15623
churros05,2024-03-19,13800
wnnw,2024-03-20,53682
jyurim99,2024-03-20,32742
tlswlgus95,2024-03-20,0
indy1028,2024-03-20,11010
goodb99,2024-03-20,14341
dkjfke,2024-03-20,1866
jieujieun11,2024-03-20,42120
dani67,2024-03-20,0
ooo9330,2024-03-20,18826
tpqhrdl,2024-03-20,0
thwl9386,2024-03-20,569
ekdus0830,2024-03-20,7133
skygkrtn,2024-03-20,4554
vlfvlf789,2024-03-20,21247
sunwo2534,2024-03-20,7827
1000song2,2024-03-20,24124
p0r0r0,2024-03-20,0
kunbams,2024-03-20,0
damikim,2024-03-20,0
jha0331,2024-03-20,9155
wendysul,2024-03-20,22923
yunhee1222,2024-03-20,0
rrrr4719,2024-03-20,25364
2boo2boo,2024-03-20,8631
domangcha13,2024-03-20,33474
taeri0806,2024-03-20,0
lapq8306,2024-03-20,11802
churros05,2024-03-20,3
wnnw,2024-03-21,0
jyurim99,2024-03-21,0
tlswlgus95,2024-03-21,0
indy1028,2024-03-21,67163
goodb99,2024-03-21,21035
dkjfke,2024-03-21,26367
jieujieun11,2024-03-21,604
dani67,2024-03-21,10387
ooo9330,2024-03-21,1652
tpqhrdl,2024-03-21,5760
thwl9386,2024-03-21,0
ekdus0830,2024-03-21,1749
skygkrtn,2024-03-21,4273
vlfvlf789,2024-03-21,27595
sunwo2534,2024-03-21,1104
1000song2,2024-03-21,6572
p0r0r0,2024-03-21,0
kunbams,2024-03-21,700
damikim,2024-03-21,0
jha0331,2024-03-21,22225
wendysul,2024-03-21,6302
yunhee1222,2024-03-21,23547
rrrr4719,2024-03-21,13659
2boo2boo,2024-03-21,0
domangcha13,2024-03-21,31772
taeri0806,2024-03-21,0
lapq8306,2024-03-21,6140
churros05,2024-03-21,0
wnnw,2024-03-22,0
jyurim99,2024-03-22,18318
tlswlgus95,2024-03-22,0
indy1028,2024-03-22,1135
goodb99,2024-03-22,30131
dkjfke,2024-03-22,2062
jieujieun11,2024-03-22,1106
dani67,2024-03-22,1918
ooo9330,2024-03-22,21485
tpqhrdl,2024-03-22,28516
thwl9386,2024-03-22,12204
ekdus0830,2024-03-22,2851
skygkrtn,2024-03-22,834
vlfvlf789,2024-03-22,16271
sunwo2534,2024-03-22,44
1000song2,2024-03-22,9442
p0r0r0,2024-03-22,19108
kunbams,2024-03-22,0
damikim,2024-03-22,0
jha0331,2024-03-22,9757
wendysul,2024-03-22,1485
yunhee1222,2024-03-22,66503
rrrr4719,2024-03-22,0
2boo2boo,2024-03-22,6133
domangcha13,2024-03-22,13161
taeri0806,2024-03-22,0
lapq8306,2024-03-22,17280
churros05,2024-03-22,2700
wnnw,2024-03-23,13507
jyurim99,2024-03-23,9176
tlswlgus95,2024-03-23,0
indy1028,2024-03-23,11059
goodb99,2024-03-23,25694
dkjfke,2024-03-23,6839
jieujieun11,2024-03-23,561
dani67,2024-03-23,0
ooo9330,2024-03-23,10510
tpqhrdl,2024-03-23,0
thwl9386,2024-03-23,0
ekdus0830,2024-03-23,358
skygkrtn,2024-03-23,0
vlfvlf789,2024-03-23,31442
sunwo2534,2024-03-23,4944
1000song2,2024-03-23,13419
p0r0r0,2024-03-23,4031
kunbams,2024-03-23,0
damikim,2024-03-23,0
jha0331,2024-03-23,11330
wendysul,2024-03-23,0
yunhee1222,2024-03-23,20072
rrrr4719,2024-03-23,35024
2boo2boo,2024-03-23,8688
domangcha13,2024-03-23,51254
taeri0806,2024-03-23,3298
lapq8306,2024-03-23,2808
churros05,2024-03-23,1793
wnnw,2024-03-24,91638
jyurim99,2024-03-24,12791
tlswlgus95,2024-03-24,0
indy1028,2024-03-24,0
goodb99,2024-03-24,0
dkjfke,2024-03-24,10697
jieujieun11,2024-03-24,0
dani67,2024-03-24,0
ooo9330,2024-03-24,0
tpqhrdl,2024-03-24,0
thwl9386,2024-03-24,0
ekdus0830,2024-03-24,0
skygkrtn,2024-03-24,0
vlfvlf789,2024-03-24,6255
sunwo2534,2024-03-24,2258
1000song2,2024-03-24,14456
p0r0r0,2024-03-24,0
kunbams,2024-03-24,0
damikim,2024-03-24,0
jha0331,2024-03-24,0
wendysul,2024-03-24,5474
yunhee1222,2024-03-24,318
rrrr4719,2024-03-24,0
2boo2boo,2024-03-24,4033
domangcha13,2024-03-24,274
taeri0806,2024-03-24,712
lapq8306,2024-03-24,1760
churros05,2024-03-24,167
wnnw,2024-03-25,0
jyurim99,2024-03-25,3215
tlswlgus95,2024-03-25,23630
indy1028,2024-03-25,6169
goodb99,2024-03-25,25373
dkjfke,2024-03-25,0
jieujieun11,2024-03-25,2000
dani67,2024-03-25,1613
ooo9330,2024-03-25,0
tpqhrdl,2024-03-25,12131
thwl9386,2024-03-25,0
ekdus0830,2024-03-25,3604
skygkrtn,2024-03-25,0
vlfvlf789,2024-03-25,2893
sunwo2534,2024-03-25,1055
1000song2,2024-03-25,0
p0r0r0,2024-03-25,0
kunbams,2024-03-25,0
damikim,2024-03-25,0
jha0331,2024-03-25,5837
wendysul,2024-03-25,0
yunhee1222,2024-03-25,4131
rrrr4719,2024-03-25,14
2boo2boo,2024-03-25,5400
domangcha13,2024-03-25,2233
taeri0806,2024-03-25,3884
lapq8306,2024-03-25,4000
churros05,2024-03-25,9297
wnnw,2024-03-26,56807
jyurim99,2024-03-26,10994
tlswlgus95,2024-03-26,15180
indy1028,2024-03-26,20330
goodb99,2024-03-26,13792
dkjfke,2024-03-26,4601
jieujieun11,2024-03-26,472
dani67,2024-03-26,12259
ooo9330,2024-03-26,10511
tpqhrdl,2024-03-26,4833
thwl9386,2024-03-26,17686
ekdus0830,2024-03-26,3632
skygkrtn,2024-03-26,9220
vlfvlf789,2024-03-26,3511
sunwo2534,2024-03-26,0
1000song2,2024-03-26,0
p0r0r0,2024-03-26,4850
kunbams,2024-03-26,1911
damikim,2024-03-26,0
jha0331,2024-03-26,17835
wendysul,2024-03-26,608
yunhee1222,2024-03-26,2542
rrrr4719,2024-03-26,5414
2boo2boo,2024-03-26,2631
domangcha13,2024-03-26,1687
taeri0806,2024-03-26,598
lapq8306,2024-03-26,3892
churros05,2024-03-26,0
wnnw,2024-03-27,29387
jyurim99,2024-03-27,7755
tlswlgus95,2024-03-27,0
indy1028,2024-03-27,33110
goodb99,2024-03-27,461
dkjfke,2024-03-27,4984
jieujieun11,2024-03-27,5
dani67,2024-03-27,5073
ooo9330,2024-03-27,0
tpqhrdl,2024-03-27,4310
thwl9386,2024-03-27,250
ekdus0830,2024-03-27,1232
skygkrtn,2024-03-27,0
vlfvlf789,2024-03-27,1174
sunwo2534,2024-03-27,989
1000song2,2024-03-27,10769
p0r0r0,2024-03-27,4183
kunbams,2024-03-27,0
damikim,2024-03-27,0
jha0331,2024-03-27,25846
wendysul,2024-03-27,13234
yunhee1222,2024-03-27,0
rrrr4719,2024-03-27,3895
2boo2boo,2024-03-27,940
domangcha13,2024-03-27,17706
taeri0806,2024-03-27,0
lapq8306,2024-03-27,0
churros05,2024-03-27,5095
wnnw,2024-03-28,0
jyurim99,2024-03-28,1575
tlswlgus95,2024-03-28,15134
indy1028,2024-03-28,75502
goodb99,2024-03-28,10377
dkjfke,2024-03-28,7850
jieujieun11,2024-03-28,4325
dani67,2024-03-28,5572
ooo9330,2024-03-28,13355
tpqhrdl,2024-03-28,3362
thwl9386,2024-03-28,9440
ekdus0830,2024-03-28,3144
skygkrtn,2024-03-28,9468
vlfvlf789,2024-03-28,23284
sunwo2534,2024-03-28,0
1000song2,2024-03-28,0
p0r0r0,2024-03-28,2118
kunbams,2024-03-28,0
damikim,2024-03-28,0
jha0331,2024-03-28,2045
wendysul,2024-03-28,16520
yunhee1222,2024-03-28,16336
rrrr4719,2024-03-28,14667
2boo2boo,2024-03-28,2310
domangcha13,2024-03-28,70518
taeri0806,2024-03-28,8925
lapq8306,2024-03-28,7461
churros05,2024-03-28,3570
kchoij,2024-03-28,23291
name1234,2024-03-28,2813
dlgothf12,2024-03-28,5948
rkdtnwls0718,2024-03-28,12438
hhy2124,2024-03-28,8427
wnnw,2024-03-29,0
jyurim99,2024-03-29,1912
tlswlgus95,2024-03-29,17888
indy1028,2024-03-29,16805
goodb99,2024-03-29,3660
dkjfke,2024-03-29,11626
jieujieun11,2024-03-29,3231
dani67,2024-03-29,3508
ooo9330,2024-03-29,36994
tpqhrdl,2024-03-29,6321
thwl9386,2024-03-29,30080
ekdus0830,2024-03-29,0
skygkrtn,2024-03-29,31359
vlfvlf789,2024-03-29,20601
sunwo2534,2024-03-29,10626
1000song2,2024-03-29,21032
p0r0r0,2024-03-29,2592
kunbams,2024-03-29,0
damikim,2024-03-29,0
jha0331,2024-03-29,11262
wendysul,2024-03-29,5598
yunhee1222,2024-03-29,20298
rrrr4719,2024-03-29,194
2boo2boo,2024-03-29,44938
domangcha13,2024-03-29,18896
taeri0806,2024-03-29,51192
lapq8306,2024-03-29,9966
churros05,2024-03-29,6000
kchoij,2024-03-29,38089
name1234,2024-03-29,9969
dlgothf12,2024-03-29,14129
rkdtnwls0718,2024-03-29,5509
hhy2124,2024-03-29,8640
wnnw,2024-03-30,28704
jyurim99,2024-03-30,18406
tlswlgus95,2024-03-30,5611
indy1028,2024-03-30,28217
goodb99,2024-03-30,0
dkjfke,2024-03-30,2696
jieujieun11,2024-03-30,8123
dani67,2024-03-30,8367
ooo9330,2024-03-30,0
tpqhrdl,2024-03-30,7383
thwl9386,2024-03-30,9548
ekdus0830,2024-03-30,299
skygkrtn,2024-03-30,0
vlfvlf789,2024-03-30,12825
sunwo2534,2024-03-30,2914
1000song2,2024-03-30,21264
p0r0r0,2024-03-30,4087
kunbams,2024-03-30,0
damikim,2024-03-30,0
jha0331,2024-03-30,167677
wendysul,2024-03-30,36721
yunhee1222,2024-03-30,5421
rrrr4719,2024-03-30,26073
2boo2boo,2024-03-30,0
domangcha13,2024-03-30,4870
taeri0806,2024-03-30,3620
lapq8306,2024-03-30,4359
churros05,2024-03-30,585
kchoij,2024-03-30,6368
name1234,2024-03-30,466
dlgothf12,2024-03-30,5919
rkdtnwls0718,2024-03-30,61
hhy2124,2024-03-30,10953
wnnw,2024-03-31,16180
jyurim99,2024-03-31,6388
tlswlgus95,2024-03-31,0
indy1028,2024-03-31,0
goodb99,2024-03-31,5186
dkjfke,2024-03-31,2882
jieujieun11,2024-03-31,8472
dani67,2024-03-31,5540
ooo9330,2024-03-31,0
tpqhrdl,2024-03-31,0
thwl9386,2024-03-31,1014
ekdus0830,2024-03-31,0
skygkrtn,2024-03-31,3736
vlfvlf789,2024-03-31,17363
sunwo2534,2024-03-31,960
1000song2,2024-03-31,5016
p0r0r0,2024-03-31,0
kunbams,2024-03-31,0
damikim,2024-03-31,0
jha0331,2024-03-31,41159
wendysul,2024-03-31,286
yunhee1222,2024-03-31,0
rrrr4719,2024-03-31,1486
2boo2boo,2024-03-31,5877
domangcha13,2024-03-31,14579
taeri0806,2024-03-31,1341
lapq8306,2024-03-31,388
churros05,2024-03-31,5322
kchoij,2024-03-31,0
name1234,2024-03-31,2042
dlgothf12,2024-03-31,4973
rkdtnwls0718,2024-03-31,16
hhy2124,2024-03-31,1534
indy1028,2024-04-01,12483
goodb99,2024-04-01,24311
tpqhrdl,2024-04-01,10469
thwl9386,2024-04-01,11764
ekdus0830,2024-04-01,5314
vlfvlf789,2024-04-01,0
sunwo2534,2024-04-01,2834
1000song2,2024-04-01,248
jha0331,2024-04-01,7810
domangcha13,2024-04-01,16134
taeri0806,2024-04-01,20573
lapq8306,2024-04-01,9514
churros05,2024-04-01,10592
kchoij,2024-04-01,10049
rkdtnwls0718,2024-04-01,482
wnnw,2024-04-01,29804
jyurim99,2024-04-01,34520
tlswlgus95,2024-04-01,6417
dkjfke,2024-04-01,8509
jieujieun11,2024-04-01,7659
dani67,2024-04-01,8655
ooo9330,2024-04-01,58625
skygkrtn,2024-04-01,2639
p0r0r0,2024-04-01,12114
wendysul,2024-04-01,4766
rrrr4719,2024-04-01,25254
2boo2boo,2024-04-01,6612
name1234,2024-04-01,4540
dlgothf12,2024-04-01,17093
hhy2124,2024-04-01,11654
wnnw,2024-04-02,26903
jyurim99,2024-04-02,41851
tlswlgus95,2024-04-02,1860
indy1028,2024-04-02,35476
goodb99,2024-04-02,14765
dkjfke,2024-04-02,5429
jieujieun11,2024-04-02,3165
dani67,2024-04-02,5964
ooo9330,2024-04-02,0
tpqhrdl,2024-04-02,508
thwl9386,2024-04-02,7778
ekdus0830,2024-04-02,4247
skygkrtn,2024-04-02,705
vlfvlf789,2024-04-02,9938
sunwo2534,2024-04-02,9357
1000song2,2024-04-02,5601
p0r0r0,2024-04-02,4047
jha0331,2024-04-02,0
wendysul,2024-04-02,16780
rrrr4719,2024-04-02,0
2boo2boo,2024-04-02,2193
domangcha13,2024-04-02,19532
taeri0806,2024-04-02,2482
lapq8306,2024-04-02,4281
churros05,2024-04-02,4887
kchoij,2024-04-02,12861
name1234,2024-04-02,1389
dlgothf12,2024-04-02,0
rkdtnwls0718,2024-04-02,0
hhy2124,2024-04-02,9556
yunhee1222,2024-04-02,30725
wnnw,2024-04-03,34950
jyurim99,2024-04-03,5157
tlswlgus95,2024-04-03,0
indy1028,2024-04-03,4818
goodb99,2024-04-03,20772
dkjfke,2024-04-03,0
jieujieun11,2024-04-03,5942
dani67,2024-04-03,2658
ooo9330,2024-04-03,12093
tpqhrdl,2024-04-03,5670
thwl9386,2024-04-03,4319
ekdus0830,2024-04-03,0
skygkrtn,2024-04-03,2071
vlfvlf789,2024-04-03,20166
sunwo2534,2024-04-03,3245
1000song2,2024-04-03,12148
p0r0r0,2024-04-03,3254
jha0331,2024-04-03,9103
wendysul,2024-04-03,0
yunhee1222,2024-04-03,23110
rrrr4719,2024-04-03,15145
2boo2boo,2024-04-03,0
domangcha13,2024-04-03,4228
taeri0806,2024-04-03,19221
lapq8306,2024-04-03,5628
churros05,2024-04-03,3324
kchoij,2024-04-03,13603
name1234,2024-04-03,1762
dlgothf12,2024-04-03,8620
rkdtnwls0718,2024-04-03,0
hhy2124,2024-04-03,6064
b24ip7,2024-04-03,9106
kunbams,2024-04-01,0
damikim,2024-04-01,0
yunhee1222,2024-04-01,0
kunbams,2024-04-02,0
damikim,2024-04-02,0
kunbams,2024-04-03,0
damikim,2024-04-03,0
b24ip7,2024-04-02,9257
kunbams,2024-04-04,0
damikim,2024-04-04,0
wnnw,2024-04-04,64938
jyurim99,2024-04-04,36921
tlswlgus95,2024-04-04,0
indy1028,2024-04-04,7581
goodb99,2024-04-04,1560
dkjfke,2024-04-04,0
jieujieun11,2024-04-04,16068
dani67,2024-04-04,3572
ooo9330,2024-04-04,0
tpqhrdl,2024-04-04,823
thwl9386,2024-04-04,0
ekdus0830,2024-04-04,1146
skygkrtn,2024-04-04,0
vlfvlf789,2024-04-04,40152
sunwo2534,2024-04-04,5706
1000song2,2024-04-04,13566
p0r0r0,2024-04-04,0
jha0331,2024-04-04,881
wendysul,2024-04-04,2854
yunhee1222,2024-04-04,3304
rrrr4719,2024-04-04,13567
2boo2boo,2024-04-04,10525
domangcha13,2024-04-04,19811
taeri0806,2024-04-04,179
lapq8306,2024-04-04,6161
churros05,2024-04-04,1138
kchoij,2024-04-04,5611
name1234,2024-04-04,1950
dlgothf12,2024-04-04,7693
rkdtnwls0718,2024-04-04,7
hhy2124,2024-04-04,0
b24ip7,2024-04-04,11968
kunbams,2024-04-05,0
damikim,2024-04-05,0
wnnw,2024-04-05,0
jyurim99,2024-04-05,0
tlswlgus95,2024-04-05,0
indy1028,2024-04-05,70402
goodb99,2024-04-05,13817
dkjfke,2024-04-05,0
jieujieun11,2024-04-05,7560
dani67,2024-04-05,17452
ooo9330,2024-04-05,31239
tpqhrdl,2024-04-05,800
thwl9386,2024-04-05,17109
ekdus0830,2024-04-05,13106
skygkrtn,2024-04-05,1692
vlfvlf789,2024-04-05,18952
sunwo2534,2024-04-05,0
1000song2,2024-04-05,7764
p0r0r0,2024-04-05,26440
jha0331,2024-04-05,0
wendysul,2024-04-05,2522
yunhee1222,2024-04-05,11296
rrrr4719,2024-04-05,24250
2boo2boo,2024-04-05,952
domangcha13,2024-04-05,12375
taeri0806,2024-04-05,13891
lapq8306,2024-04-05,0
churros05,2024-04-05,5000
kchoij,2024-04-05,11136
name1234,2024-04-05,4887
dlgothf12,2024-04-05,17222
rkdtnwls0718,2024-04-05,4053
hhy2124,2024-04-05,2759
b24ip7,2024-04-05,0
kunbams,2024-04-06,0
damikim,2024-04-06,0
wnnw,2024-04-06,2886730
jyurim99,2024-04-06,10723
tlswlgus95,2024-04-06,0
indy1028,2024-04-06,0
goodb99,2024-04-06,0
dkjfke,2024-04-06,0
jieujieun11,2024-04-06,4273
dani67,2024-04-06,0
ooo9330,2024-04-06,0
tpqhrdl,2024-04-06,292
thwl9386,2024-04-06,0
ekdus0830,2024-04-06,0
skygkrtn,2024-04-06,0
vlfvlf789,2024-04-06,0
sunwo2534,2024-04-06,0
1000song2,2024-04-06,3884
p0r0r0,2024-04-06,1071
jha0331,2024-04-06,4337
wendysul,2024-04-06,458
yunhee1222,2024-04-06,0
rrrr4719,2024-04-06,0
2boo2boo,2024-04-06,0
domangcha13,2024-04-06,0
taeri0806,2024-04-06,2468
lapq8306,2024-04-06,1690
churros05,2024-04-06,1762
kchoij,2024-04-06,487
name1234,2024-04-06,1013
dlgothf12,2024-04-06,0
rkdtnwls0718,2024-04-06,0
hhy2124,2024-04-06,519
b24ip7,2024-04-06,1259
kunbams,2024-04-07,0
damikim,2024-04-07,0
wnnw,2024-04-07,0
jyurim99,2024-04-07,26237
tlswlgus95,2024-04-07,0
indy1028,2024-04-07,11448
goodb99,2024-04-07,0
dkjfke,2024-04-07,0
jieujieun11,2024-04-07,7005
dani67,2024-04-07,0
ooo9330,2024-04-07,0
tpqhrdl,2024-04-07,117
thwl9386,2024-04-07,0
ekdus0830,2024-04-07,0
skygkrtn,2024-04-07,0
vlfvlf789,2024-04-07,2652
sunwo2534,2024-04-07,15120
1000song2,2024-04-07,0
p0r0r0,2024-04-07,0
jha0331,2024-04-07,5114
wendysul,2024-04-07,2186
yunhee1222,2024-04-07,0
rrrr4719,2024-04-07,0
2boo2boo,2024-04-07,6465
domangcha13,2024-04-07,0
taeri0806,2024-04-07,27286
lapq8306,2024-04-07,25110
churros05,2024-04-07,0
kchoij,2024-04-07,0
name1234,2024-04-07,3224
dlgothf12,2024-04-07,0
rkdtnwls0718,2024-04-07,496
hhy2124,2024-04-07,4875
b24ip7,2024-04-07,311
kunbams,2024-04-08,0
damikim,2024-04-08,22163
wnnw,2024-04-08,68547
jyurim99,2024-04-08,20546
tlswlgus95,2024-04-08,0
indy1028,2024-04-08,0
goodb99,2024-04-08,36630
dkjfke,2024-04-08,14322
jieujieun11,2024-04-08,16882
dani67,2024-04-08,79704
ooo9330,2024-04-08,50553
tpqhrdl,2024-04-08,7616
thwl9386,2024-04-08,11671
ekdus0830,2024-04-08,3568
skygkrtn,2024-04-08,7979
vlfvlf789,2024-04-08,34335
sunwo2534,2024-04-08,0
1000song2,2024-04-08,24536
p0r0r0,2024-04-08,3628
jha0331,2024-04-08,0
wendysul,2024-04-08,0
yunhee1222,2024-04-08,15028
rrrr4719,2024-04-08,36662
2boo2boo,2024-04-08,4166
domangcha13,2024-04-08,45794
taeri0806,2024-04-08,13
lapq8306,2024-04-08,0
churros05,2024-04-08,27748
kchoij,2024-04-08,0
name1234,2024-04-08,14213
dlgothf12,2024-04-08,0
rkdtnwls0718,2024-04-08,2620
hhy2124,2024-04-08,8252
b24ip7,2024-04-08,34151
kunbams,2024-04-09,0
wnnw,2024-04-09,25001
jyurim99,2024-04-09,30010
tlswlgus95,2024-04-09,7834
indy1028,2024-04-09,14931
goodb99,2024-04-09,17570
dkjfke,2024-04-09,9159
jieujieun11,2024-04-09,15
dani67,2024-04-09,10943
ooo9330,2024-04-09,0
tpqhrdl,2024-04-09,3602
thwl9386,2024-04-09,3515
ekdus0830,2024-04-09,24569
skygkrtn,2024-04-09,6031
vlfvlf789,2024-04-09,5024
sunwo2534,2024-04-09,0
1000song2,2024-04-09,0
p0r0r0,2024-04-09,0
damikim,2024-04-09,22984
jha0331,2024-04-09,0
wendysul,2024-04-09,0
yunhee1222,2024-04-09,21951
rrrr4719,2024-04-09,0
2boo2boo,2024-04-09,1797
domangcha13,2024-04-09,45987
taeri0806,2024-04-09,10007
lapq8306,2024-04-09,0
churros05,2024-04-09,4537
kchoij,2024-04-09,46343
name1234,2024-04-09,6214
dlgothf12,2024-04-09,0
rkdtnwls0718,2024-04-09,0
hhy2124,2024-04-09,0
b24ip7,2024-04-09,67144
kunbams,2024-04-10,0
wnnw,2024-04-10,29933
jyurim99,2024-04-10,17879
tlswlgus95,2024-04-10,6200
indy1028,2024-04-10,230
goodb99,2024-04-10,0
dkjfke,2024-04-10,7851
jieujieun11,2024-04-10,17225
dani67,2024-04-10,0
ooo9330,2024-04-10,55487
tpqhrdl,2024-04-10,10370
thwl9386,2024-04-10,0
ekdus0830,2024-04-10,3422
skygkrtn,2024-04-10,0
vlfvlf789,2024-04-10,22585
sunwo2534,2024-04-10,6988
1000song2,2024-04-10,10209
p0r0r0,2024-04-10,3865
damikim,2024-04-10,30768
jha0331,2024-04-10,12863
wendysul,2024-04-10,0
yunhee1222,2024-04-10,16282
rrrr4719,2024-04-10,4535
2boo2boo,2024-04-10,16082
domangcha13,2024-04-10,48024
taeri0806,2024-04-10,10722
lapq8306,2024-04-10,0
churros05,2024-04-10,9331
kchoij,2024-04-10,683
name1234,2024-04-10,5
dlgothf12,2024-04-10,0
rkdtnwls0718,2024-04-10,2774
hhy2124,2024-04-10,4477
b24ip7,2024-04-10,27160
kunbams,2024-04-11,0
wnnw,2024-04-11,0
jyurim99,2024-04-11,9166
tlswlgus95,2024-04-11,0
indy1028,2024-04-11,10432
goodb99,2024-04-11,32027
dkjfke,2024-04-11,11151
jieujieun11,2024-04-11,25635
dani67,2024-04-11,0
ooo9330,2024-04-11,47557
tpqhrdl,2024-04-11,14049
thwl9386,2024-04-11,0
ekdus0830,2024-04-11,13006
skygkrtn,2024-04-11,3036
vlfvlf789,2024-04-11,17413
sunwo2534,2024-04-11,9975
1000song2,2024-04-11,6712
p0r0r0,2024-04-11,14107
damikim,2024-04-11,3000
jha0331,2024-04-11,10589
wendysul,2024-04-11,1992
yunhee1222,2024-04-11,37455
rrrr4719,2024-04-11,50353
2boo2boo,2024-04-11,21577
domangcha13,2024-04-11,18535
taeri0806,2024-04-11,12197
lapq8306,2024-04-11,0
churros05,2024-04-11,6973
kchoij,2024-04-11,78150
name1234,2024-04-11,10018
dlgothf12,2024-04-11,1706
rkdtnwls0718,2024-04-11,8600
hhy2124,2024-04-11,4660
b24ip7,2024-04-11,25754
kunbams,2024-04-12,0
wnnw,2024-04-12,0
jyurim99,2024-04-12,46269
tlswlgus95,2024-04-12,18063
indy1028,2024-04-12,0
goodb99,2024-04-12,37275
dkjfke,2024-04-12,1081
jieujieun11,2024-04-12,7376
dani67,2024-04-12,16600
ooo9330,2024-04-12,27215
tpqhrdl,2024-04-12,35359
thwl9386,2024-04-12,0
ekdus0830,2024-04-12,1492
skygkrtn,2024-04-12,0
vlfvlf789,2024-04-12,19215
sunwo2534,2024-04-12,11119
1000song2,2024-04-12,10202
p0r0r0,2024-04-12,0
damikim,2024-04-12,23472
jha0331,2024-04-12,30116
wendysul,2024-04-12,7840
yunhee1222,2024-04-12,10607
rrrr4719,2024-04-12,40648
2boo2boo,2024-04-12,0
domangcha13,2024-04-12,8
taeri0806,2024-04-12,2007
lapq8306,2024-04-12,0
churros05,2024-04-12,5002
kchoij,2024-04-12,52291
name1234,2024-04-12,1742
dlgothf12,2024-04-12,0
rkdtnwls0718,2024-04-12,12334
hhy2124,2024-04-12,2149
b24ip7,2024-04-12,0
kunbams,2024-04-13,0
wnnw,2024-04-13,22026
jyurim99,2024-04-13,2493
tlswlgus95,2024-04-13,7242
indy1028,2024-04-13,8886
goodb99,2024-04-13,8942
dkjfke,2024-04-13,2290
jieujieun11,2024-04-13,2523
dani67,2024-04-13,6737
ooo9330,2024-04-13,0
tpqhrdl,2024-04-13,0
thwl9386,2024-04-13,32612
ekdus0830,2024-04-13,0
skygkrtn,2024-04-13,0
vlfvlf789,2024-04-13,20709
sunwo2534,2024-04-13,0
1000song2,2024-04-13,7409
p0r0r0,2024-04-13,5727
damikim,2024-04-13,5515
jha0331,2024-04-13,10610
wendysul,2024-04-13,7288
yunhee1222,2024-04-13,20722
rrrr4719,2024-04-13,34797
2boo2boo,2024-04-13,2634
domangcha13,2024-04-13,35319
taeri0806,2024-04-13,2884
lapq8306,2024-04-13,0
churros05,2024-04-13,6275
kchoij,2024-04-13,3700
name1234,2024-04-13,0
dlgothf12,2024-04-13,0
rkdtnwls0718,2024-04-13,4367
hhy2124,2024-04-13,0
b24ip7,2024-04-13,10365
kunbams,2024-04-14,0
wnnw,2024-04-14,77742
jyurim99,2024-04-14,38439
tlswlgus95,2024-04-14,635
indy1028,2024-04-14,0
goodb99,2024-04-14,0
dkjfke,2024-04-14,0
jieujieun11,2024-04-14,1610
dani67,2024-04-14,5944
ooo9330,2024-04-14,50202
tpqhrdl,2024-04-14,3530
thwl9386,2024-04-14,23343
ekdus0830,2024-04-14,30205
skygkrtn,2024-04-14,8880
vlfvlf789,2024-04-14,0
sunwo2534,2024-04-14,9396
1000song2,2024-04-14,11053
p0r0r0,2024-04-14,4440
damikim,2024-04-14,449
jha0331,2024-04-14,2194
wendysul,2024-04-14,927
yunhee1222,2024-04-14,149
rrrr4719,2024-04-14,0
2boo2boo,2024-04-14,0
domangcha13,2024-04-14,0
taeri0806,2024-04-14,1972
lapq8306,2024-04-14,0
churros05,2024-04-14,4549
kchoij,2024-04-14,22846
name1234,2024-04-14,24255
dlgothf12,2024-04-14,0
rkdtnwls0718,2024-04-14,0
hhy2124,2024-04-14,8221
b24ip7,2024-04-14,2222
kunbams,2024-04-15,0
wnnw,2024-04-15,137833
jyurim99,2024-04-15,15936
tlswlgus95,2024-04-15,247
indy1028,2024-04-15,46000
goodb99,2024-04-15,32527
dkjfke,2024-04-15,29832
jieujieun11,2024-04-15,8040
dani67,2024-04-15,0
ooo9330,2024-04-15,0
tpqhrdl,2024-04-15,1771
thwl9386,2024-04-15,29431
ekdus0830,2024-04-15,6854
skygkrtn,2024-04-15,122
vlfvlf789,2024-04-15,26086
sunwo2534,2024-04-15,13717
1000song2,2024-04-15,5750
p0r0r0,2024-04-15,0
damikim,2024-04-15,7698
jha0331,2024-04-15,20251
wendysul,2024-04-15,291
yunhee1222,2024-04-15,26346
rrrr4719,2024-04-15,58219
2boo2boo,2024-04-15,24382
domangcha13,2024-04-15,74461
taeri0806,2024-04-15,1678
lapq8306,2024-04-15,0
churros05,2024-04-15,22649
kchoij,2024-04-15,16750
name1234,2024-04-15,5757
dlgothf12,2024-04-15,3400
rkdtnwls0718,2024-04-15,10378
hhy2124,2024-04-15,2591
b24ip7,2024-04-15,0
kunbams,2024-04-16,0
wnnw,2024-04-16,57143
jyurim99,2024-04-16,15677
tlswlgus95,2024-04-16,72528
indy1028,2024-04-16,0
goodb99,2024-04-16,5510
dkjfke,2024-04-16,11150
jieujieun11,2024-04-16,4308
dani67,2024-04-16,0
ooo9330,2024-04-16,26648
tpqhrdl,2024-04-16,7106
thwl9386,2024-04-16,12588
ekdus0830,2024-04-16,7650
skygkrtn,2024-04-16,4146
vlfvlf789,2024-04-16,9075
sunwo2534,2024-04-16,18257
1000song2,2024-04-16,12881
p0r0r0,2024-04-16,7707
damikim,2024-04-16,13687
jha0331,2024-04-16,8874
wendysul,2024-04-16,6225
yunhee1222,2024-04-16,3145
rrrr4719,2024-04-16,0
2boo2boo,2024-04-16,0
domangcha13,2024-04-16,40856
taeri0806,2024-04-16,546
lapq8306,2024-04-16,0
churros05,2024-04-16,2474
kchoij,2024-04-16,16170
name1234,2024-04-16,2541
dlgothf12,2024-04-16,3533
rkdtnwls0718,2024-04-16,3716
hhy2124,2024-04-16,19011
b24ip7,2024-04-16,8001
kunbams,2024-04-17,0
wnnw,2024-04-17,33303
jyurim99,2024-04-17,28322
tlswlgus95,2024-04-17,212
indy1028,2024-04-17,20866
goodb99,2024-04-17,397
dkjfke,2024-04-17,2525
jieujieun11,2024-04-17,3617
ooo9330,2024-04-17,51767
tpqhrdl,2024-04-17,3406
thwl9386,2024-04-17,3803
ekdus0830,2024-04-17,30928
skygkrtn,2024-04-17,6680
vlfvlf789,2024-04-17,16907
sunwo2534,2024-04-17,5859
1000song2,2024-04-17,8674
p0r0r0,2024-04-17,6671
damikim,2024-04-17,6486
jha0331,2024-04-17,1982
wendysul,2024-04-17,0
yunhee1222,2024-04-17,7889
rrrr4719,2024-04-17,19453
2boo2boo,2024-04-17,10543
domangcha13,2024-04-17,19346
taeri0806,2024-04-17,1486
churros05,2024-04-17,3423
kchoij,2024-04-17,16789
name1234,2024-04-17,3650
rkdtnwls0718,2024-04-17,2428
hhy2124,2024-04-17,1943
b24ip7,2024-04-17,11580
